{
    "total_duration": 998444.3993000006,
    "total_duration_done": 3173.975551,
    "ok": true
}
