{
    "total": {
        "duration": 998444.3993000002,
        "duration_done": 4651.125451,
        "num_file": 4417,
        "num_file_done": 6
    },
    "series": {
        "free_culture_2012": {
            "duration": 3920.4026999999996,
            "duration_done": 1048.1499,
            "num_file": 4,
            "num_file_done": 1
        },
        "roudoku_toshokan": {
            "duration": 6049.808775000001,
            "duration_done": 0,
            "num_file": 16,
            "num_file_done": 0
        },
        "nishiyodogawa": {
            "duration": 232983.7119999999,
            "duration_done": 0,
            "num_file": 403,
            "num_file_done": 0
        },
        "tnc": {
            "duration": 3173.9755510000005,
            "duration_done": 3173.9755510000005,
            "num_file": 4,
            "num_file_done": 4
        },
        "amagasaki": {
            "duration": 38599.015999999974,
            "duration_done": 429.0,
            "num_file": 61,
            "num_file_done": 1
        },
        "minato": {
            "duration": 92154.79200000003,
            "duration_done": 0,
            "num_file": 176,
            "num_file_done": 0
        },
        "librivox": {
            "duration": 394384.4292739999,
            "duration_done": 0,
            "num_file": 978,
            "num_file_done": 0
        },
        "higashiyodogawa": {
            "duration": 227178.2629999994,
            "duration_done": 0,
            "num_file": 2775,
            "num_file_done": 0
        }
    }
}
